"fun","module","source_file"
"CIGVARData","data_input.R","CIGVAR_d.R"
"CIGVARest","estimation.R","CIGVAR_d.R"
"VARB_commtrend","utils.R","CIGVAR_d.R"
"CIGVAR_Select","model_selection.R","CIGVAR_d.R"
"irf_CIGVAR_CB","irf.R","CIGVAR_d.R"
"CIVARData","data_input.R","CIVAR_d.r"
"CIVARest","estimation.R","CIVAR_d.r"
"MRCVECMest2","estimation.R","CIVAR_d.r"
"MRCVECMestm","estimation.R","CIVAR_d.r"
"summaryCIVAR","utils.R","CIVAR_d.r"
"AB_CIVARTest","constraints.R","CIVAR_d.r"
"CIVARTest","constraints.R","CIVAR_d.r"
"abLRtest2","constraints.R","CIVAR_d.r"
"VECM2VAR","utils.R","CIVAR_d.r"
"B2CIB","utils.R","CIVAR_d.r"
"CIB2B","utils.R","CIVAR_d.r"
"CIB3B","utils.R","CIVAR_d.r"
"CIA2A","utils.R","CIVAR_d.r"
"STAT","utils.R","CIVAR_d.r"
"irf_CIVAR_CB","irf.R","CIVAR_d.r"
"CCIVARest","estimation.R","CIVAR_d.r"
"CVECM2CVAR","utils.R","CIVAR_d.r"
"Redex","utils.R","CIVAR_d.r"
"CCIVARData","data_input.R","CIVAR_d.r"
"cvecm","utils.R","CIVAR_d.r"
"MIxCIVARData","data_input.R","CIVAR_d.r"
"alpha_perpf","utils.R","CIVAR_d.r"
"xABF","utils.R","CIVAR_d.r"
"ABSVAR","utils.R","CIVAR_d.r"
"GVARData","data_input.R","GVAR_c.R"
"GVARest","estimation.R","GVAR_c.R"
"BoAoW2G","utils.R","GVAR_c.R"
"GW2BoAo","utils.R","GVAR_c.R"
"irf_GVAR","irf.R","GVAR_c.R"
"irf_GVAR_CB","irf.R","GVAR_c.R"
"GVAR_Select","model_selection.R","GVAR_c.R"
"W2Wmat","utils.R","GVAR_c.R"
"SW2comb","utils.R","GVAR_c.R"
"MRCIGVARData","data_input.R","MRCIGVAR_d.R"
"VARBS_commtrend","utils.R","MRCIGVAR_d.R"
"Bo2Ao","utils.R","MRCIGVAR_d.R"
"BoAo2TBoAo","utils.R","MRCIGVAR_d.R"
"MRCIGVARest","estimation.R","MRCIGVAR_d.R"
"MRCIGVAR_Select","model_selection.R","MRCIGVAR_d.R"
"irf_MRCIGVAR_CB","irf.R","MRCIGVAR_d.R"
"irf_MRCIGVAR","irf.R","MRCIGVAR_d.R"
"girf_MRCIGVAR_RM","irf.R","MRCIGVAR_d.R"
"girf_MRCIGVAR_RM_CB","irf.R","MRCIGVAR_d.R"
"MRCIGVARDataR","data_input.R","MRCIGVAR_d.R"
"MRCIVARDatam","data_input.R","MRCIVAR_c.R"
"MRCIVARestm1","estimation.R","MRCIVAR_c.R"
"irf_MRCIVAR_CB","irf.R","MRCIVAR_c.R"
"VECM2VARm","utils.R","MRCIVAR_c.R"
"ABC_MRCIVARestm","estimation.R","MRCIVAR_c.R"
"RZSt2VECM","constraints.R","MRCIVAR_c.R"
"MRCIVAR_Selectm","model_selection.R","MRCIVAR_c.R"
"girf_MRCIVAR_RM","irf.R","MRCIVAR_c.R"
"girf_MRCIVAR_RM_CB","irf.R","MRCIVAR_c.R"
"MRGVARData","data_input.R","MRGVAR_c.R"
"MRGVARest","estimation.R","MRGVAR_c.R"
"BoAoWs2Gs","utils.R","MRGVAR_c.R"
"SigmaNPD","diagnostics.R","MRGVAR_c.R"
"irf_MRGVAR","irf.R","MRGVAR_c.R"
"girf_MRGVAR_RM","irf.R","MRGVAR_c.R"
"girf_MRGVAR_RM_CB","irf.R","MRGVAR_c.R"
"MRGVAR_Select","model_selection.R","MRGVAR_c.R"
"irf_MRGVAR_CB","irf.R","MRGVAR_c.R"
"MRGVARDataR","data_input.R","MRGVAR_c.R"
"ACCIRFconfR","irf.R","MRGVAR_c.R"
"SigmaNPDSelectR","model_selection.R","MRGVAR_c.R"
"irf_GloabalResponse_CB","irf.R","MRGVAR_c.R"
"MRVARData","data_input.R","MRVAR_c.R"
"MRVARest","estimation.R","MRVAR_c.R"
"JointX","utils.R","MRVAR_c.R"
"girf_MRVAR_RM","irf.R","MRVAR_c.R"
"girf_MRVAR_RM_CB","irf.R","MRVAR_c.R"
"U1","utils.R","MRVAR_c.R"
"irf_MRVAR_NM","irf.R","MRVAR_c.R"
"irf_MRVAR_NM_CB","irf.R","MRVAR_c.R"
"irf_MRVAR_CB","irf.R","MRVAR_c.R"
"MRVAR_Select","model_selection.R","MRVAR_c.R"
"MRVAR_Select_Summary","model_selection.R","MRVAR_c.R"
"strsplit1","utils.R","strsplit1.R"
"VARData","data_input.R","VAR_c.R"
"Type","utils.R","VAR_c.R"
"VARest","estimation.R","VAR_c.R"
"irf_VAR_CB","irf.R","VAR_c.R"
"Roots2coef","utils.R","VARs_functions_c.R"
"rnormSIGMA","utils.R","VARs_functions_c.R"
"rnormSIGMA_cond","utils.R","VARs_functions_c.R"
"NoutofT","utils.R","VARs_functions_c.R"
"irf_B_sigma","irf.R","VARs_functions_c.R"
"IRF_graph","irf.R","VARs_functions_c.R"
"Embed","utils.R","VARs_functions_c.R"
"INVI","utils.R","VARs_functions_c.R"
"f","utils.R","VARs_functions_c.R"
"f_constrained","constraints.R","VARs_functions_c.R"
"ShiftZ2","utils.R","VARs_functions_c.R"
"ShiftZ2m","utils.R","VARs_functions_c.R"
